Worker ID,Worker Name,Date,In Time,Out Time,Hours,Shift
SPH-031,Ravi Netam,01-08-2026,08:00,16:00,8.0,G
SPH-032,Mahesh Chandrakar,01-08-2026,08:00,16:00,8.0,G
SPH-034,Kamlesh Sahu,01-08-2026,08:00,16:00,8.0,G
SPH-035,Hemant Dewangan,01-08-2026,08:00,16:00,8.0,G
SPH-037,Bhupendra Tandon,01-08-2026,08:00,16:00,8.0,G
SPH-038,Lokesh Yadav,01-08-2026,08:00,16:00,8.0,G
SPH-039,Umesh Verma,01-08-2026,08:00,16:00,8.0,G
SPH-040,Yogesh Markam,01-08-2026,08:00,16:00,8.0,G
SPH-041,Narendra Netam,01-08-2026,08:00,16:00,8.0,G
SPH-042,Dinesh Chandrakar,01-08-2026,08:00,16:00,8.0,G
SPH-043,Jitendra Kanwar,01-08-2026,08:00,16:00,8.0,G
SPH-044,Rakesh Sahu,01-08-2026,08:00,16:00,8.0,G
SPH-045,Ravi Dewangan,01-08-2026,08:00,16:00,8.0,G
SPH-046,Mahesh Patel,01-08-2026,08:00,16:00,8.0,G
SPH-048,Kamlesh Yadav,01-08-2026,08:00,16:00,8.0,G
SPH-049,Hemant Verma,01-08-2026,08:00,16:00,8.0,G
SPH-050,Tikeshwar Markam,01-08-2026,08:00,16:00,8.0,G
SPH-051,Bhupendra Netam,01-08-2026,08:00,16:00,8.0,G
SPH-052,Lokesh Chandrakar,01-08-2026,08:00,17:30,9.5,G
SPH-031,Ravi Netam,03-08-2026,08:00,16:00,8.0,G
SPH-032,Mahesh Chandrakar,03-08-2026,08:00,18:00,10.0,G
SPH-033,Ajay Kanwar,03-08-2026,08:00,18:00,10.0,G
SPH-034,Kamlesh Sahu,03-08-2026,08:00,16:00,8.0,G
SPH-035,Hemant Dewangan,03-08-2026,08:00,16:00,8.0,G
SPH-036,Tikeshwar Patel,03-08-2026,08:00,16:00,8.0,G
SPH-037,Bhupendra Tandon,03-08-2026,08:00,16:00,8.0,G
SPH-038,Lokesh Yadav,03-08-2026,08:00,16:00,8.0,G
SPH-039,Umesh Verma,03-08-2026,08:00,16:00,8.0,G
SPH-040,Yogesh Markam,03-08-2026,08:00,16:00,8.0,G
SPH-041,Narendra Netam,03-08-2026,08:00,17:00,9.0,G
SPH-042,Dinesh Chandrakar,03-08-2026,08:00,16:00,8.0,G
SPH-043,Jitendra Kanwar,03-08-2026,08:00,17:30,9.5,G
SPH-044,Rakesh Sahu,03-08-2026,08:00,16:00,8.0,G
SPH-045,Ravi Dewangan,03-08-2026,08:00,16:00,8.0,G
SPH-046,Mahesh Patel,03-08-2026,08:00,16:00,8.0,G
SPH-047,Ajay Tandon,03-08-2026,08:00,16:00,8.0,G
SPH-048,Kamlesh Yadav,03-08-2026,08:00,16:00,8.0,G
SPH-049,Hemant Verma,03-08-2026,08:00,16:00,8.0,G
SPH-050,Tikeshwar Markam,03-08-2026,08:00,16:00,8.0,G
SPH-051,Bhupendra Netam,03-08-2026,08:00,16:00,8.0,G
SPH-052,Lokesh Chandrakar,03-08-2026,08:00,16:00,8.0,G
SPH-031,Ravi Netam,04-08-2026,08:00,17:00,9.0,G
SPH-032,Mahesh Chandrakar,04-08-2026,08:00,16:00,8.0,G
SPH-033,Ajay Kanwar,04-08-2026,08:00,16:00,8.0,G
SPH-034,Kamlesh Sahu,04-08-2026,08:00,16:00,8.0,G
SPH-035,Hemant Dewangan,04-08-2026,08:00,16:00,8.0,G
SPH-036,Tikeshwar Patel,04-08-2026,08:00,16:00,8.0,G
SPH-037,Bhupendra Tandon,04-08-2026,08:00,16:00,8.0,G
SPH-038,Lokesh Yadav,04-08-2026,08:00,16:00,8.0,G
SPH-039,Umesh Verma,04-08-2026,08:00,16:00,8.0,G
SPH-040,Yogesh Markam,04-08-2026,08:00,16:00,8.0,G
SPH-041,Narendra Netam,04-08-2026,08:00,18:00,10.0,G
SPH-042,Dinesh Chandrakar,04-08-2026,08:00,17:00,9.0,G
SPH-043,Jitendra Kanwar,04-08-2026,08:00,16:00,8.0,G
SPH-044,Rakesh Sahu,04-08-2026,08:00,16:00,8.0,G
SPH-046,Mahesh Patel,04-08-2026,08:00,19:00,11.0,G
SPH-047,Ajay Tandon,04-08-2026,08:00,16:00,8.0,G
SPH-048,Kamlesh Yadav,04-08-2026,08:00,16:00,8.0,G
SPH-049,Hemant Verma,04-08-2026,08:00,16:00,8.0,G
SPH-050,Tikeshwar Markam,04-08-2026,08:00,16:00,8.0,G
SPH-051,Bhupendra Netam,04-08-2026,08:00,16:00,8.0,G
SPH-031,Ravi Netam,05-08-2026,08:00,16:00,8.0,G
SPH-032,Mahesh Chandrakar,05-08-2026,08:00,19:00,11.0,G
SPH-033,Ajay Kanwar,05-08-2026,08:00,16:00,8.0,G
SPH-034,Kamlesh Sahu,05-08-2026,08:00,16:00,8.0,G
SPH-035,Hemant Dewangan,05-08-2026,08:00,16:00,8.0,G
SPH-036,Tikeshwar Patel,05-08-2026,08:00,16:00,8.0,G
SPH-037,Bhupendra Tandon,05-08-2026,08:00,17:30,9.5,G
SPH-039,Umesh Verma,05-08-2026,08:00,16:00,8.0,G
SPH-040,Yogesh Markam,05-08-2026,08:00,16:00,8.0,G
SPH-041,Narendra Netam,05-08-2026,08:00,16:00,8.0,G
SPH-043,Jitendra Kanwar,05-08-2026,08:00,16:00,8.0,G
SPH-044,Rakesh Sahu,05-08-2026,08:00,16:00,8.0,G
SPH-045,Ravi Dewangan,05-08-2026,08:00,16:00,8.0,G
SPH-046,Mahesh Patel,05-08-2026,08:00,17:30,9.5,G
SPH-048,Kamlesh Yadav,05-08-2026,08:00,16:00,8.0,G
SPH-049,Hemant Verma,05-08-2026,08:00,12:00,4.0,H
SPH-050,Tikeshwar Markam,05-08-2026,08:00,16:00,8.0,G
SPH-052,Lokesh Chandrakar,05-08-2026,08:00,16:00,8.0,G
SPH-031,Ravi Netam,06-08-2026,08:00,12:00,4.0,H
SPH-032,Mahesh Chandrakar,06-08-2026,08:00,16:00,8.0,G
SPH-033,Ajay Kanwar,06-08-2026,08:00,16:00,8.0,G
SPH-034,Kamlesh Sahu,06-08-2026,08:00,16:00,8.0,G
SPH-036,Tikeshwar Patel,06-08-2026,08:00,16:00,8.0,G
SPH-037,Bhupendra Tandon,06-08-2026,08:00,16:00,8.0,G
SPH-038,Lokesh Yadav,06-08-2026,08:00,16:00,8.0,G
SPH-039,Umesh Verma,06-08-2026,08:00,16:00,8.0,G
SPH-040,Yogesh Markam,06-08-2026,08:00,16:00,8.0,G
SPH-041,Narendra Netam,06-08-2026,08:00,16:00,8.0,G
SPH-042,Dinesh Chandrakar,06-08-2026,08:00,16:00,8.0,G
SPH-043,Jitendra Kanwar,06-08-2026,08:00,16:00,8.0,G
SPH-045,Ravi Dewangan,06-08-2026,08:00,12:00,4.0,H
SPH-046,Mahesh Patel,06-08-2026,08:00,16:00,8.0,G
SPH-047,Ajay Tandon,06-08-2026,08:00,16:00,8.0,G
SPH-048,Kamlesh Yadav,06-08-2026,08:00,16:00,8.0,G
SPH-049,Hemant Verma,06-08-2026,08:00,16:00,8.0,G
SPH-050,Tikeshwar Markam,06-08-2026,08:00,16:00,8.0,G
SPH-051,Bhupendra Netam,06-08-2026,08:00,18:00,10.0,G
SPH-031,Ravi Netam,07-08-2026,08:00,16:00,8.0,G
SPH-032,Mahesh Chandrakar,07-08-2026,08:00,12:00,4.0,H
SPH-033,Ajay Kanwar,07-08-2026,08:00,16:00,8.0,G
SPH-034,Kamlesh Sahu,07-08-2026,08:00,16:00,8.0,G
SPH-035,Hemant Dewangan,07-08-2026,08:00,16:00,8.0,G
SPH-036,Tikeshwar Patel,07-08-2026,08:00,16:00,8.0,G
SPH-037,Bhupendra Tandon,07-08-2026,08:00,16:00,8.0,G
SPH-038,Lokesh Yadav,07-08-2026,08:00,16:00,8.0,G
SPH-039,Umesh Verma,07-08-2026,08:00,16:00,8.0,G
SPH-040,Yogesh Markam,07-08-2026,08:00,16:00,8.0,G
SPH-041,Narendra Netam,07-08-2026,08:00,16:00,8.0,G
SPH-042,Dinesh Chandrakar,07-08-2026,08:00,16:00,8.0,G
SPH-043,Jitendra Kanwar,07-08-2026,08:00,16:00,8.0,G
SPH-044,Rakesh Sahu,07-08-2026,08:00,16:00,8.0,G
SPH-045,Ravi Dewangan,07-08-2026,08:00,17:30,9.5,G
SPH-046,Mahesh Patel,07-08-2026,08:00,16:00,8.0,G
SPH-047,Ajay Tandon,07-08-2026,08:00,16:00,8.0,G
SPH-048,Kamlesh Yadav,07-08-2026,08:00,16:00,8.0,G
SPH-049,Hemant Verma,07-08-2026,08:00,16:00,8.0,G
SPH-050,Tikeshwar Markam,07-08-2026,08:00,16:00,8.0,G
SPH-051,Bhupendra Netam,07-08-2026,08:00,16:00,8.0,G
SPH-052,Lokesh Chandrakar,07-08-2026,08:00,16:00,8.0,G
SPH-031,Ravi Netam,08-08-2026,08:00,16:00,8.0,G
SPH-032,Mahesh Chandrakar,08-08-2026,08:00,16:00,8.0,G
SPH-033,Ajay Kanwar,08-08-2026,08:00,16:00,8.0,G
SPH-034,Kamlesh Sahu,08-08-2026,08:00,16:00,8.0,G
SPH-035,Hemant Dewangan,08-08-2026,08:00,16:00,8.0,G
SPH-036,Tikeshwar Patel,08-08-2026,08:00,16:00,8.0,G
SPH-037,Bhupendra Tandon,08-08-2026,08:00,16:00,8.0,G
SPH-038,Lokesh Yadav,08-08-2026,08:00,17:00,9.0,G
SPH-039,Umesh Verma,08-08-2026,08:00,16:00,8.0,G
SPH-040,Yogesh Markam,08-08-2026,08:00,16:00,8.0,G
SPH-041,Narendra Netam,08-08-2026,08:00,17:00,9.0,G
SPH-042,Dinesh Chandrakar,08-08-2026,08:00,19:00,11.0,G
SPH-043,Jitendra Kanwar,08-08-2026,08:00,16:00,8.0,G
SPH-045,Ravi Dewangan,08-08-2026,08:00,16:00,8.0,G
SPH-046,Mahesh Patel,08-08-2026,08:00,17:00,9.0,G
SPH-047,Ajay Tandon,08-08-2026,08:00,16:00,8.0,G
SPH-048,Kamlesh Yadav,08-08-2026,08:00,16:00,8.0,G
SPH-049,Hemant Verma,08-08-2026,08:00,18:00,10.0,G
SPH-050,Tikeshwar Markam,08-08-2026,08:00,16:00,8.0,G
SPH-051,Bhupendra Netam,08-08-2026,08:00,16:00,8.0,G
SPH-052,Lokesh Chandrakar,08-08-2026,08:00,12:00,4.0,H
SPH-031,Ravi Netam,10-08-2026,08:00,16:00,8.0,G
SPH-033,Ajay Kanwar,10-08-2026,08:00,16:00,8.0,G
SPH-034,Kamlesh Sahu,10-08-2026,08:00,16:00,8.0,G
SPH-035,Hemant Dewangan,10-08-2026,08:00,16:00,8.0,G
SPH-036,Tikeshwar Patel,10-08-2026,08:00,16:00,8.0,G
SPH-037,Bhupendra Tandon,10-08-2026,08:00,16:00,8.0,G
SPH-038,Lokesh Yadav,10-08-2026,08:00,16:00,8.0,G
SPH-039,Umesh Verma,10-08-2026,08:00,16:00,8.0,G
SPH-042,Dinesh Chandrakar,10-08-2026,08:00,16:00,8.0,G
SPH-043,Jitendra Kanwar,10-08-2026,08:00,17:00,9.0,G
SPH-044,Rakesh Sahu,10-08-2026,08:00,12:00,4.0,H
SPH-045,Ravi Dewangan,10-08-2026,08:00,16:00,8.0,G
SPH-046,Mahesh Patel,10-08-2026,08:00,16:00,8.0,G
SPH-047,Ajay Tandon,10-08-2026,08:00,16:00,8.0,G
SPH-049,Hemant Verma,10-08-2026,08:00,16:00,8.0,G
SPH-050,Tikeshwar Markam,10-08-2026,08:00,16:00,8.0,G
SPH-051,Bhupendra Netam,10-08-2026,08:00,12:00,4.0,H
SPH-052,Lokesh Chandrakar,10-08-2026,08:00,17:30,9.5,G
SPH-031,Ravi Netam,11-08-2026,08:00,16:00,8.0,G
SPH-032,Mahesh Chandrakar,11-08-2026,08:00,16:00,8.0,G
SPH-033,Ajay Kanwar,11-08-2026,08:00,16:00,8.0,G
SPH-034,Kamlesh Sahu,11-08-2026,08:00,18:00,10.0,G
SPH-035,Hemant Dewangan,11-08-2026,08:00,16:00,8.0,G
SPH-037,Bhupendra Tandon,11-08-2026,08:00,16:00,8.0,G
SPH-038,Lokesh Yadav,11-08-2026,08:00,16:00,8.0,G
SPH-039,Umesh Verma,11-08-2026,08:00,16:00,8.0,G
SPH-040,Yogesh Markam,11-08-2026,08:00,16:00,8.0,G
SPH-041,Narendra Netam,11-08-2026,08:00,16:00,8.0,G
SPH-042,Dinesh Chandrakar,11-08-2026,08:00,17:00,9.0,G
SPH-043,Jitendra Kanwar,11-08-2026,08:00,16:00,8.0,G
SPH-044,Rakesh Sahu,11-08-2026,08:00,12:00,4.0,H
SPH-045,Ravi Dewangan,11-08-2026,08:00,16:00,8.0,G
SPH-046,Mahesh Patel,11-08-2026,08:00,12:00,4.0,H
SPH-047,Ajay Tandon,11-08-2026,08:00,16:00,8.0,G
SPH-049,Hemant Verma,11-08-2026,08:00,19:00,11.0,G
SPH-050,Tikeshwar Markam,11-08-2026,08:00,16:00,8.0,G
SPH-051,Bhupendra Netam,11-08-2026,08:00,16:00,8.0,G
SPH-052,Lokesh Chandrakar,11-08-2026,08:00,16:00,8.0,G
SPH-031,Ravi Netam,12-08-2026,08:00,16:00,8.0,G
SPH-032,Mahesh Chandrakar,12-08-2026,08:00,18:00,10.0,G
SPH-034,Kamlesh Sahu,12-08-2026,08:00,16:00,8.0,G
SPH-035,Hemant Dewangan,12-08-2026,08:00,17:00,9.0,G
SPH-037,Bhupendra Tandon,12-08-2026,08:00,17:30,9.5,G
SPH-038,Lokesh Yadav,12-08-2026,08:00,16:00,8.0,G
SPH-039,Umesh Verma,12-08-2026,08:00,17:30,9.5,G
SPH-040,Yogesh Markam,12-08-2026,08:00,16:00,8.0,G
SPH-041,Narendra Netam,12-08-2026,08:00,16:00,8.0,G
SPH-042,Dinesh Chandrakar,12-08-2026,08:00,12:00,4.0,H
SPH-043,Jitendra Kanwar,12-08-2026,08:00,17:00,9.0,G
SPH-044,Rakesh Sahu,12-08-2026,08:00,16:00,8.0,G
SPH-045,Ravi Dewangan,12-08-2026,08:00,16:00,8.0,G
SPH-046,Mahesh Patel,12-08-2026,08:00,16:00,8.0,G
SPH-047,Ajay Tandon,12-08-2026,08:00,16:00,8.0,G
SPH-048,Kamlesh Yadav,12-08-2026,08:00,16:00,8.0,G
SPH-049,Hemant Verma,12-08-2026,08:00,16:00,8.0,G
SPH-050,Tikeshwar Markam,12-08-2026,08:00,16:00,8.0,G
SPH-051,Bhupendra Netam,12-08-2026,08:00,16:00,8.0,G
SPH-052,Lokesh Chandrakar,12-08-2026,08:00,16:00,8.0,G
SPH-031,Ravi Netam,13-08-2026,08:00,16:00,8.0,G
SPH-032,Mahesh Chandrakar,13-08-2026,08:00,16:00,8.0,G
SPH-033,Ajay Kanwar,13-08-2026,08:00,16:00,8.0,G
SPH-034,Kamlesh Sahu,13-08-2026,08:00,16:00,8.0,G
SPH-035,Hemant Dewangan,13-08-2026,08:00,12:00,4.0,H
SPH-036,Tikeshwar Patel,13-08-2026,08:00,12:00,4.0,H
SPH-037,Bhupendra Tandon,13-08-2026,08:00,19:00,11.0,G
SPH-038,Lokesh Yadav,13-08-2026,08:00,16:00,8.0,G
SPH-039,Umesh Verma,13-08-2026,08:00,16:00,8.0,G
SPH-040,Yogesh Markam,13-08-2026,08:00,12:00,4.0,H
SPH-041,Narendra Netam,13-08-2026,08:00,16:00,8.0,G
SPH-042,Dinesh Chandrakar,13-08-2026,08:00,16:00,8.0,G
SPH-043,Jitendra Kanwar,13-08-2026,08:00,16:00,8.0,G
SPH-044,Rakesh Sahu,13-08-2026,08:00,19:00,11.0,G
SPH-045,Ravi Dewangan,13-08-2026,08:00,16:00,8.0,G
SPH-046,Mahesh Patel,13-08-2026,22:00,06:00,8.0,N
SPH-047,Ajay Tandon,13-08-2026,08:00,17:00,9.0,G
SPH-048,Kamlesh Yadav,13-08-2026,08:00,16:00,8.0,G
SPH-049,Hemant Verma,13-08-2026,08:00,16:00,8.0,G
SPH-050,Tikeshwar Markam,13-08-2026,08:00,16:00,8.0,G
SPH-051,Bhupendra Netam,13-08-2026,08:00,16:00,8.0,G
SPH-052,Lokesh Chandrakar,13-08-2026,08:00,16:00,8.0,G
GX-9001,Unregistered Worker,14-08-2026,08:00,16:00,8.0,G
SPH-031,Ravi Netam,14-08-2026,08:00,16:00,8.0,G
SPH-032,Mahesh Chandrakar,14-08-2026,08:00,18:00,10.0,G
SPH-033,Ajay Kanwar,14-08-2026,08:00,16:00,8.0,G
SPH-034,Kamlesh Sahu,14-08-2026,08:00,16:00,8.0,G
SPH-035,Hemant Dewangan,14-08-2026,08:00,16:00,8.0,G
SPH-036,Tikeshwar Patel,14-08-2026,08:00,17:00,9.0,G
SPH-037,Bhupendra Tandon,14-08-2026,08:00,16:00,8.0,G
SPH-038,Lokesh Yadav,14-08-2026,08:00,12:00,4.0,H
SPH-039,Umesh Verma,14-08-2026,08:00,16:00,8.0,G
SPH-040,Yogesh Markam,14-08-2026,08:00,16:00,8.0,G
SPH-041,Narendra Netam,14-08-2026,08:00,16:00,8.0,G
SPH-042,Dinesh Chandrakar,14-08-2026,08:00,16:00,8.0,G
SPH-043,Jitendra Kanwar,14-08-2026,08:00,16:00,8.0,G
SPH-045,Ravi Dewangan,14-08-2026,08:00,16:00,8.0,G
SPH-046,Mahesh Patel,14-08-2026,08:00,18:00,10.0,G
SPH-047,Ajay Tandon,14-08-2026,08:00,16:00,8.0,G
SPH-048,Kamlesh Yadav,14-08-2026,08:00,16:00,8.0,G
SPH-049,Hemant Verma,14-08-2026,08:00,16:00,8.0,G
SPH-050,Tikeshwar Markam,14-08-2026,08:00,17:30,9.5,G
SPH-051,Bhupendra Netam,14-08-2026,08:00,16:00,8.0,G
SPH-052,Lokesh Chandrakar,14-08-2026,08:00,16:00,8.0,G
SPH-031,Ravi Netam,15-08-2026,08:00,19:00,11.0,G
SPH-032,Mahesh Chandrakar,15-08-2026,08:00,16:00,8.0,G
SPH-033,Ajay Kanwar,15-08-2026,08:00,19:00,11.0,G
SPH-034,Kamlesh Sahu,15-08-2026,08:00,16:00,8.0,G
SPH-035,Hemant Dewangan,15-08-2026,08:00,17:00,9.0,G
SPH-036,Tikeshwar Patel,15-08-2026,08:00,16:00,8.0,G
SPH-038,Lokesh Yadav,15-08-2026,08:00,19:00,11.0,G
SPH-039,Umesh Verma,15-08-2026,08:00,16:00,8.0,G
SPH-040,Yogesh Markam,15-08-2026,08:00,16:00,8.0,G
SPH-041,Narendra Netam,15-08-2026,08:00,16:00,8.0,G
SPH-042,Dinesh Chandrakar,15-08-2026,08:00,16:00,8.0,G
SPH-044,Rakesh Sahu,15-08-2026,08:00,16:00,8.0,G
SPH-045,Ravi Dewangan,15-08-2026,08:00,16:00,8.0,G
SPH-046,Mahesh Patel,15-08-2026,08:00,16:00,8.0,G
SPH-047,Ajay Tandon,15-08-2026,08:00,16:00,8.0,G
SPH-048,Kamlesh Yadav,15-08-2026,08:00,16:00,8.0,G
SPH-049,Hemant Verma,15-08-2026,08:00,18:00,10.0,G
SPH-050,Tikeshwar Markam,15-08-2026,08:00,16:00,8.0,G
SPH-051,Bhupendra Netam,15-08-2026,08:00,17:30,9.5,G
SPH-052,Lokesh Chandrakar,15-08-2026,08:00,16:00,8.0,G
SPH-031,Ravi Netam,17-08-2026,08:00,16:00,8.0,G
SPH-032,Mahesh Chandrakar,17-08-2026,08:00,17:30,9.5,G
SPH-033,Ajay Kanwar,17-08-2026,08:00,16:00,8.0,G
SPH-034,Kamlesh Sahu,17-08-2026,08:00,18:00,10.0,G
SPH-036,Tikeshwar Patel,17-08-2026,08:00,16:00,8.0,G
SPH-037,Bhupendra Tandon,17-08-2026,08:00,16:00,8.0,G
SPH-039,Umesh Verma,17-08-2026,08:00,16:00,8.0,G
SPH-041,Narendra Netam,17-08-2026,08:00,16:00,8.0,G
SPH-042,Dinesh Chandrakar,17-08-2026,08:00,16:00,8.0,G
SPH-043,Jitendra Kanwar,17-08-2026,08:00,16:00,8.0,G
SPH-044,Rakesh Sahu,17-08-2026,08:00,16:00,8.0,G
SPH-045,Ravi Dewangan,17-08-2026,08:00,18:00,10.0,G
SPH-046,Mahesh Patel,17-08-2026,08:00,16:00,8.0,G
SPH-047,Ajay Tandon,17-08-2026,08:00,16:00,8.0,G
SPH-048,Kamlesh Yadav,17-08-2026,08:00,17:30,9.5,G
SPH-049,Hemant Verma,17-08-2026,08:00,16:00,8.0,G
SPH-050,Tikeshwar Markam,17-08-2026,08:00,16:00,8.0,G
SPH-051,Bhupendra Netam,17-08-2026,08:00,16:00,8.0,G
SPH-032,Mahesh Chandrakar,18-08-2026,08:00,17:30,9.5,G
SPH-033,Ajay Kanwar,18-08-2026,08:00,16:00,8.0,G
SPH-034,Kamlesh Sahu,18-08-2026,08:00,16:00,8.0,G
SPH-036,Tikeshwar Patel,18-08-2026,08:00,17:00,9.0,G
SPH-037,Bhupendra Tandon,18-08-2026,08:00,16:00,8.0,G
SPH-039,Umesh Verma,18-08-2026,08:00,16:00,8.0,G
SPH-040,Yogesh Markam,18-08-2026,08:00,16:00,8.0,G
SPH-043,Jitendra Kanwar,18-08-2026,08:00,16:00,8.0,G
SPH-044,Rakesh Sahu,18-08-2026,08:00,16:00,8.0,G
SPH-045,Ravi Dewangan,18-08-2026,08:00,16:00,8.0,G
SPH-046,Mahesh Patel,18-08-2026,08:00,16:00,8.0,G
SPH-047,Ajay Tandon,18-08-2026,08:00,16:00,8.0,G
SPH-048,Kamlesh Yadav,18-08-2026,08:00,16:00,8.0,G
SPH-049,Hemant Verma,18-08-2026,08:00,16:00,8.0,G
SPH-050,Tikeshwar Markam,18-08-2026,08:00,16:00,8.0,G
SPH-051,Bhupendra Netam,18-08-2026,08:00,16:00,8.0,G
SPH-052,Lokesh Chandrakar,18-08-2026,08:00,16:00,8.0,G
SPH-031,Ravi Netam,19-08-2026,08:00,16:00,8.0,G
SPH-032,Mahesh Chandrakar,19-08-2026,08:00,16:00,8.0,G
SPH-033,Ajay Kanwar,19-08-2026,08:00,16:00,8.0,G
SPH-034,Kamlesh Sahu,19-08-2026,08:00,17:00,9.0,G
SPH-035,Hemant Dewangan,19-08-2026,08:00,16:00,8.0,G
SPH-036,Tikeshwar Patel,19-08-2026,08:00,16:00,8.0,G
SPH-037,Bhupendra Tandon,19-08-2026,08:00,16:00,8.0,G
SPH-038,Lokesh Yadav,19-08-2026,08:00,16:00,8.0,G
SPH-040,Yogesh Markam,19-08-2026,08:00,16:00,8.0,G
SPH-041,Narendra Netam,19-08-2026,08:00,16:00,8.0,G
SPH-042,Dinesh Chandrakar,19-08-2026,08:00,16:00,8.0,G
SPH-044,Rakesh Sahu,19-08-2026,08:00,16:00,8.0,G
SPH-045,Ravi Dewangan,19-08-2026,08:00,16:00,8.0,G
SPH-046,Mahesh Patel,19-08-2026,08:00,16:00,8.0,G
SPH-047,Ajay Tandon,19-08-2026,08:00,16:00,8.0,G
SPH-048,Kamlesh Yadav,19-08-2026,08:00,16:00,8.0,G
SPH-050,Tikeshwar Markam,19-08-2026,08:00,16:00,8.0,G
SPH-051,Bhupendra Netam,19-08-2026,08:00,16:00,8.0,G
SPH-052,Lokesh Chandrakar,19-08-2026,08:00,16:00,8.0,G
SPH-031,Ravi Netam,20-08-2026,08:00,16:00,8.0,G
SPH-032,Mahesh Chandrakar,20-08-2026,08:00,16:00,8.0,G
SPH-033,Ajay Kanwar,20-08-2026,08:00,16:00,8.0,G
SPH-034,Kamlesh Sahu,20-08-2026,08:00,16:00,8.0,G
SPH-035,Hemant Dewangan,20-08-2026,08:00,16:00,8.0,G
SPH-036,Tikeshwar Patel,20-08-2026,08:00,16:00,8.0,G
SPH-037,Bhupendra Tandon,20-08-2026,08:00,16:00,8.0,G
SPH-038,Lokesh Yadav,20-08-2026,08:00,16:00,8.0,G
SPH-039,Umesh Verma,20-08-2026,08:00,16:00,8.0,G
SPH-041,Narendra Netam,20-08-2026,08:00,16:00,8.0,G
SPH-042,Dinesh Chandrakar,20-08-2026,08:00,17:00,9.0,G
SPH-044,Rakesh Sahu,20-08-2026,08:00,16:00,8.0,G
SPH-045,Ravi Dewangan,20-08-2026,08:00,16:00,8.0,G
SPH-046,Mahesh Patel,20-08-2026,08:00,16:00,8.0,G
SPH-047,Ajay Tandon,20-08-2026,08:00,16:00,8.0,G
SPH-048,Kamlesh Yadav,20-08-2026,08:00,16:00,8.0,G
SPH-049,Hemant Verma,20-08-2026,08:00,16:00,8.0,G
SPH-050,Tikeshwar Markam,20-08-2026,08:00,16:00,8.0,G
SPH-051,Bhupendra Netam,20-08-2026,08:00,16:00,8.0,G
SPH-052,Lokesh Chandrakar,20-08-2026,08:00,16:00,8.0,G
SPH-031,Ravi Netam,21-08-2026,08:00,16:00,8.0,G
SPH-033,Ajay Kanwar,21-08-2026,08:00,16:00,8.0,G
SPH-034,Kamlesh Sahu,21-08-2026,08:00,17:00,9.0,G
SPH-035,Hemant Dewangan,21-08-2026,08:00,16:00,8.0,G
SPH-036,Tikeshwar Patel,21-08-2026,08:00,16:00,8.0,G
SPH-037,Bhupendra Tandon,21-08-2026,08:00,16:00,8.0,G
SPH-038,Lokesh Yadav,21-08-2026,08:00,18:00,10.0,G
SPH-039,Umesh Verma,21-08-2026,08:00,16:00,8.0,G
SPH-040,Yogesh Markam,21-08-2026,08:00,16:00,8.0,G
SPH-041,Narendra Netam,21-08-2026,08:00,16:00,8.0,G
SPH-042,Dinesh Chandrakar,21-08-2026,08:00,16:00,8.0,G
SPH-043,Jitendra Kanwar,21-08-2026,08:00,16:00,8.0,G
SPH-044,Rakesh Sahu,21-08-2026,08:00,16:00,8.0,G
SPH-045,Ravi Dewangan,21-08-2026,08:00,16:00,8.0,G
SPH-046,Mahesh Patel,21-08-2026,08:00,16:00,8.0,G
SPH-047,Ajay Tandon,21-08-2026,08:00,16:00,8.0,G
SPH-048,Kamlesh Yadav,21-08-2026,08:00,16:00,8.0,G
SPH-049,Hemant Verma,21-08-2026,08:00,16:00,8.0,G
SPH-050,Tikeshwar Markam,21-08-2026,08:00,16:00,8.0,G
SPH-051,Bhupendra Netam,21-08-2026,08:00,16:00,8.0,G
SPH-052,Lokesh Chandrakar,21-08-2026,08:00,16:00,8.0,G
SPH-031,Ravi Netam,22-08-2026,08:00,16:00,8.0,G
SPH-032,Mahesh Chandrakar,22-08-2026,08:00,17:00,9.0,G
SPH-033,Ajay Kanwar,22-08-2026,08:00,16:00,8.0,G
SPH-034,Kamlesh Sahu,22-08-2026,08:00,16:00,8.0,G
SPH-035,Hemant Dewangan,22-08-2026,08:00,16:00,8.0,G
SPH-036,Tikeshwar Patel,22-08-2026,08:00,16:00,8.0,G
SPH-037,Bhupendra Tandon,22-08-2026,08:00,16:00,8.0,G
SPH-038,Lokesh Yadav,22-08-2026,08:00,16:00,8.0,G
SPH-039,Umesh Verma,22-08-2026,08:00,16:00,8.0,G
SPH-040,Yogesh Markam,22-08-2026,08:00,19:00,11.0,G
SPH-041,Narendra Netam,22-08-2026,08:00,16:00,8.0,G
SPH-044,Rakesh Sahu,22-08-2026,08:00,16:00,8.0,G
SPH-045,Ravi Dewangan,22-08-2026,08:00,16:00,8.0,G
SPH-046,Mahesh Patel,22-08-2026,08:00,16:00,8.0,G
SPH-047,Ajay Tandon,22-08-2026,08:00,16:00,8.0,G
SPH-048,Kamlesh Yadav,22-08-2026,08:00,16:00,8.0,G
SPH-049,Hemant Verma,22-08-2026,08:00,17:00,9.0,G
SPH-050,Tikeshwar Markam,22-08-2026,08:00,16:00,8.0,G
SPH-051,Bhupendra Netam,22-08-2026,08:00,16:00,8.0,G
SPH-031,Ravi Netam,24-08-2026,08:00,16:00,8.0,G
SPH-032,Mahesh Chandrakar,24-08-2026,08:00,16:00,8.0,G
SPH-033,Ajay Kanwar,24-08-2026,08:00,16:00,8.0,G
SPH-034,Kamlesh Sahu,24-08-2026,08:00,12:00,4.0,H
SPH-035,Hemant Dewangan,24-08-2026,08:00,16:00,8.0,G
SPH-036,Tikeshwar Patel,24-08-2026,08:00,12:00,4.0,H
SPH-038,Lokesh Yadav,24-08-2026,08:00,18:00,10.0,G
SPH-039,Umesh Verma,24-08-2026,08:00,16:00,8.0,G
SPH-040,Yogesh Markam,24-08-2026,08:00,16:00,8.0,G
SPH-041,Narendra Netam,24-08-2026,08:00,16:00,8.0,G
SPH-042,Dinesh Chandrakar,24-08-2026,08:00,16:00,8.0,G
SPH-043,Jitendra Kanwar,24-08-2026,08:00,19:00,11.0,G
SPH-044,Rakesh Sahu,24-08-2026,08:00,16:00,8.0,G
SPH-045,Ravi Dewangan,24-08-2026,08:00,16:00,8.0,G
SPH-046,Mahesh Patel,24-08-2026,08:00,16:00,8.0,G
SPH-047,Ajay Tandon,24-08-2026,08:00,16:00,8.0,G
SPH-049,Hemant Verma,24-08-2026,08:00,19:00,11.0,G
SPH-050,Tikeshwar Markam,24-08-2026,08:00,16:00,8.0,G
SPH-051,Bhupendra Netam,24-08-2026,08:00,16:00,8.0,G
SPH-052,Lokesh Chandrakar,24-08-2026,08:00,16:00,8.0,G
SPH-031,Ravi Netam,25-08-2026,08:00,16:00,8.0,G
SPH-032,Mahesh Chandrakar,25-08-2026,08:00,16:00,8.0,G
SPH-033,Ajay Kanwar,25-08-2026,08:00,16:00,8.0,G
SPH-034,Kamlesh Sahu,25-08-2026,08:00,16:00,8.0,G
SPH-035,Hemant Dewangan,25-08-2026,08:00,17:00,9.0,G
SPH-036,Tikeshwar Patel,25-08-2026,08:00,16:00,8.0,G
SPH-037,Bhupendra Tandon,25-08-2026,08:00,16:00,8.0,G
SPH-038,Lokesh Yadav,25-08-2026,08:00,17:00,9.0,G
SPH-039,Umesh Verma,25-08-2026,08:00,17:30,9.5,G
SPH-040,Yogesh Markam,25-08-2026,08:00,16:00,8.0,G
SPH-041,Narendra Netam,25-08-2026,08:00,16:00,8.0,G
SPH-042,Dinesh Chandrakar,25-08-2026,08:00,16:00,8.0,G
SPH-044,Rakesh Sahu,25-08-2026,08:00,16:00,8.0,G
SPH-047,Ajay Tandon,25-08-2026,08:00,16:00,8.0,G
SPH-048,Kamlesh Yadav,25-08-2026,08:00,16:00,8.0,G
SPH-049,Hemant Verma,25-08-2026,08:00,16:00,8.0,G
SPH-051,Bhupendra Netam,25-08-2026,08:00,12:00,4.0,H
SPH-052,Lokesh Chandrakar,25-08-2026,08:00,16:00,8.0,G
SPH-031,Ravi Netam,26-08-2026,08:00,16:00,8.0,G
SPH-033,Ajay Kanwar,26-08-2026,08:00,16:00,8.0,G
SPH-034,Kamlesh Sahu,26-08-2026,08:00,16:00,8.0,G
SPH-035,Hemant Dewangan,26-08-2026,08:00,16:00,8.0,G
SPH-036,Tikeshwar Patel,26-08-2026,08:00,16:00,8.0,G
SPH-037,Bhupendra Tandon,26-08-2026,22:00,07:30,9.5,N
SPH-039,Umesh Verma,26-08-2026,08:00,17:30,9.5,G
SPH-040,Yogesh Markam,26-08-2026,08:00,16:00,8.0,G
SPH-041,Narendra Netam,26-08-2026,08:00,16:00,8.0,G
SPH-042,Dinesh Chandrakar,26-08-2026,08:00,16:00,8.0,G
SPH-043,Jitendra Kanwar,26-08-2026,08:00,16:00,8.0,G
SPH-044,Rakesh Sahu,26-08-2026,08:00,16:00,8.0,G
SPH-046,Mahesh Patel,26-08-2026,08:00,16:00,8.0,G
SPH-047,Ajay Tandon,26-08-2026,08:00,16:00,8.0,G
SPH-048,Kamlesh Yadav,26-08-2026,08:00,16:00,8.0,G
SPH-049,Hemant Verma,26-08-2026,08:00,16:00,8.0,G
SPH-050,Tikeshwar Markam,26-08-2026,08:00,16:00,8.0,G
SPH-051,Bhupendra Netam,26-08-2026,08:00,18:00,10.0,G
SPH-052,Lokesh Chandrakar,26-08-2026,08:00,16:00,8.0,G
SPH-031,Ravi Netam,27-08-2026,08:00,18:00,10.0,G
SPH-033,Ajay Kanwar,27-08-2026,08:00,16:00,8.0,G
SPH-034,Kamlesh Sahu,27-08-2026,08:00,18:00,10.0,G
SPH-035,Hemant Dewangan,27-08-2026,08:00,16:00,8.0,G
SPH-036,Tikeshwar Patel,27-08-2026,08:00,16:00,8.0,G
SPH-037,Bhupendra Tandon,27-08-2026,08:00,16:00,8.0,G
SPH-038,Lokesh Yadav,27-08-2026,08:00,17:00,9.0,G
SPH-039,Umesh Verma,27-08-2026,08:00,18:00,10.0,G
SPH-040,Yogesh Markam,27-08-2026,08:00,16:00,8.0,G
SPH-041,Narendra Netam,27-08-2026,08:00,16:00,8.0,G
SPH-042,Dinesh Chandrakar,27-08-2026,08:00,12:00,4.0,H
SPH-043,Jitendra Kanwar,27-08-2026,08:00,16:00,8.0,G
SPH-044,Rakesh Sahu,27-08-2026,08:00,16:00,8.0,G
SPH-045,Ravi Dewangan,27-08-2026,08:00,16:00,8.0,G
SPH-046,Mahesh Patel,27-08-2026,08:00,16:00,8.0,G
SPH-047,Ajay Tandon,27-08-2026,08:00,16:00,8.0,G
SPH-049,Hemant Verma,27-08-2026,08:00,16:00,8.0,G
SPH-050,Tikeshwar Markam,27-08-2026,08:00,16:00,8.0,G
SPH-051,Bhupendra Netam,27-08-2026,08:00,16:00,8.0,G
SPH-031,Ravi Netam,28-08-2026,08:00,16:00,8.0,G
SPH-032,Mahesh Chandrakar,28-08-2026,08:00,16:00,8.0,G
SPH-033,Ajay Kanwar,28-08-2026,08:00,16:00,8.0,G
SPH-034,Kamlesh Sahu,28-08-2026,08:00,19:00,11.0,G
SPH-035,Hemant Dewangan,28-08-2026,08:00,16:00,8.0,G
SPH-037,Bhupendra Tandon,28-08-2026,08:00,16:00,8.0,G
SPH-038,Lokesh Yadav,28-08-2026,08:00,16:00,8.0,G
SPH-039,Umesh Verma,28-08-2026,08:00,18:00,10.0,G
SPH-040,Yogesh Markam,28-08-2026,08:00,16:00,8.0,G
SPH-041,Narendra Netam,28-08-2026,08:00,17:00,9.0,G
SPH-042,Dinesh Chandrakar,28-08-2026,08:00,19:00,11.0,G
SPH-043,Jitendra Kanwar,28-08-2026,08:00,16:00,8.0,G
SPH-045,Ravi Dewangan,28-08-2026,08:00,16:00,8.0,G
SPH-046,Mahesh Patel,28-08-2026,08:00,16:00,8.0,G
SPH-047,Ajay Tandon,28-08-2026,08:00,16:00,8.0,G
SPH-048,Kamlesh Yadav,28-08-2026,08:00,16:00,8.0,G
SPH-049,Hemant Verma,28-08-2026,08:00,16:00,8.0,G
SPH-050,Tikeshwar Markam,28-08-2026,08:00,16:00,8.0,G
SPH-051,Bhupendra Netam,28-08-2026,08:00,16:00,8.0,G
SPH-031,Ravi Netam,29-08-2026,08:00,12:00,4.0,H
SPH-032,Mahesh Chandrakar,29-08-2026,08:00,16:00,8.0,G
SPH-033,Ajay Kanwar,29-08-2026,08:00,17:00,9.0,G
SPH-034,Kamlesh Sahu,29-08-2026,08:00,16:00,8.0,G
SPH-035,Hemant Dewangan,29-08-2026,08:00,16:00,8.0,G
SPH-036,Tikeshwar Patel,29-08-2026,08:00,16:00,8.0,G
SPH-037,Bhupendra Tandon,29-08-2026,08:00,16:00,8.0,G
SPH-039,Umesh Verma,29-08-2026,08:00,16:00,8.0,G
SPH-040,Yogesh Markam,29-08-2026,08:00,17:30,9.5,G
SPH-041,Narendra Netam,29-08-2026,08:00,17:30,9.5,G
SPH-042,Dinesh Chandrakar,29-08-2026,08:00,17:00,9.0,G
SPH-043,Jitendra Kanwar,29-08-2026,08:00,16:00,8.0,G
SPH-044,Rakesh Sahu,29-08-2026,08:00,16:00,8.0,G
SPH-045,Ravi Dewangan,29-08-2026,08:00,16:00,8.0,G
SPH-046,Mahesh Patel,29-08-2026,08:00,16:00,8.0,G
SPH-047,Ajay Tandon,29-08-2026,08:00,16:00,8.0,G
SPH-048,Kamlesh Yadav,29-08-2026,08:00,16:00,8.0,G
SPH-049,Hemant Verma,29-08-2026,08:00,16:00,8.0,G
SPH-050,Tikeshwar Markam,29-08-2026,08:00,16:00,8.0,G
SPH-051,Bhupendra Netam,29-08-2026,08:00,16:00,8.0,G
SPH-052,Lokesh Chandrakar,29-08-2026,08:00,16:00,8.0,G
SPH-031,Ravi Netam,31-08-2026,08:00,16:00,8.0,G
SPH-032,Mahesh Chandrakar,31-08-2026,08:00,16:00,8.0,G
SPH-033,Ajay Kanwar,31-08-2026,08:00,16:00,8.0,G
SPH-034,Kamlesh Sahu,31-08-2026,08:00,12:00,4.0,H
SPH-035,Hemant Dewangan,31-08-2026,08:00,16:00,8.0,G
SPH-036,Tikeshwar Patel,31-08-2026,08:00,19:00,11.0,G
SPH-037,Bhupendra Tandon,31-08-2026,08:00,16:00,8.0,G
SPH-038,Lokesh Yadav,31-08-2026,08:00,16:00,8.0,G
SPH-039,Umesh Verma,31-08-2026,08:00,12:00,4.0,H
SPH-040,Yogesh Markam,31-08-2026,08:00,16:00,8.0,G
SPH-041,Narendra Netam,31-08-2026,08:00,16:00,8.0,G
SPH-042,Dinesh Chandrakar,31-08-2026,08:00,16:00,8.0,G
SPH-043,Jitendra Kanwar,31-08-2026,08:00,16:00,8.0,G
SPH-044,Rakesh Sahu,31-08-2026,08:00,16:00,8.0,G
SPH-045,Ravi Dewangan,31-08-2026,08:00,16:00,8.0,G
SPH-046,Mahesh Patel,31-08-2026,08:00,16:00,8.0,G
SPH-047,Ajay Tandon,31-08-2026,08:00,16:00,8.0,G
SPH-049,Hemant Verma,31-08-2026,08:00,16:00,8.0,G
SPH-050,Tikeshwar Markam,31-08-2026,08:00,19:00,11.0,G
SPH-051,Bhupendra Netam,31-08-2026,08:00,17:00,9.0,G
